{
  "schema_version": "1.0",
  "collected_at": "2026-02-01T02:46:08.052048+00:00",
  "account_id": "123456789012",
  "nodes": [
    {
      "node_type": "iam_user",
      "node_id": "iam_user:123456789012:test-dev",
      "resource_id": "test-dev",
      "name": "test-dev",
      "attributes": {
        "arn": "arn_string",
        "create_date": "2026-02-01T02:46:08.052048+00:00",
        "attached_policies": [],
        "inline_policies": [
          {
            "PolicyName": "S3ReadPolicy",
            "Statement": [
              {
                "Effect": "Allow",
                "Action": [
                  "s3:GetObject",
                  "s3:ListBucket"
                ],
                "Resource": "*"
              }
            ]
          }
        ],
        "group_policies": []
      },
      "raw_refs": {
        "source": [
          "cli:aws iam put-user-policy"
        ],
        "collected_at": "2026-02-01T02:46:08.052048+00:00"
      }
    }
  ]
}