{
  "nodes": [
    {
      "id": "iam_user:123456789012:test-user",
      "type": "iam_user",
      "name": "test-user",
      "arn": "arn_string",
      "region": "123456789012",
      "properties": {
        "arn": "arn_string",
        "create_date": "2026-02-01T02:46:08.066521+00:00",
        "attached_policies": [],
        "inline_policies": [
          {
            "PolicyName": "TestPolicy",
            "Statement": [
              {
                "Effect": "Allow",
                "Action": [
                  "s3:*"
                ],
                "Resource": "*"
              }
            ]
          }
        ],
        "group_policies": [],
        "status": "proposed",
        "proposed_at": "2026-02-01T02:46:08.068161+00:00",
        "source": [
          "cli:aws iam put-user-policy"
        ]
      }
    }
  ],
  "edges": [],
  "account_id": "123456789012",
  "collected_at": "2026-02-01T11:46:08.071462"
}